<TextureAtlas imagePath="sokoban_spritesheet@2.png">
	<SubTexture name="block_01.png" x="640" y="640" width="128" height="128"/>
	<SubTexture name="block_02.png" x="640" y="512" width="128" height="128"/>
	<SubTexture name="block_03.png" x="640" y="384" width="128" height="128"/>
	<SubTexture name="block_04.png" x="640" y="256" width="128" height="128"/>
	<SubTexture name="block_05.png" x="640" y="128" width="128" height="128"/>
	<SubTexture name="block_06.png" x="640" y="0" width="128" height="128"/>
	<SubTexture name="block_07.png" x="512" y="1024" width="128" height="128"/>
	<SubTexture name="block_08.png" x="512" y="896" width="128" height="128"/>
	<SubTexture name="crate_01.png" x="512" y="768" width="128" height="128"/>
	<SubTexture name="crate_02.png" x="512" y="640" width="128" height="128"/>
	<SubTexture name="crate_03.png" x="512" y="512" width="128" height="128"/>
	<SubTexture name="crate_04.png" x="512" y="384" width="128" height="128"/>
	<SubTexture name="crate_05.png" x="512" y="256" width="128" height="128"/>
	<SubTexture name="crate_06.png" x="512" y="128" width="128" height="128"/>
	<SubTexture name="crate_07.png" x="512" y="0" width="128" height="128"/>
	<SubTexture name="crate_08.png" x="384" y="1024" width="128" height="128"/>
	<SubTexture name="crate_09.png" x="384" y="896" width="128" height="128"/>
	<SubTexture name="crate_10.png" x="384" y="768" width="128" height="128"/>
	<SubTexture name="crate_11.png" x="384" y="640" width="128" height="128"/>
	<SubTexture name="crate_12.png" x="384" y="512" width="128" height="128"/>
	<SubTexture name="crate_13.png" x="384" y="384" width="128" height="128"/>
	<SubTexture name="crate_14.png" x="384" y="256" width="128" height="128"/>
	<SubTexture name="crate_15.png" x="384" y="128" width="128" height="128"/>
	<SubTexture name="crate_16.png" x="384" y="0" width="128" height="128"/>
	<SubTexture name="crate_17.png" x="256" y="1024" width="128" height="128"/>
	<SubTexture name="crate_18.png" x="256" y="896" width="128" height="128"/>
	<SubTexture name="crate_19.png" x="256" y="768" width="128" height="128"/>
	<SubTexture name="crate_20.png" x="256" y="640" width="128" height="128"/>
	<SubTexture name="crate_21.png" x="256" y="512" width="128" height="128"/>
	<SubTexture name="crate_22.png" x="256" y="384" width="128" height="128"/>
	<SubTexture name="crate_23.png" x="256" y="256" width="128" height="128"/>
	<SubTexture name="crate_24.png" x="256" y="128" width="128" height="128"/>
	<SubTexture name="crate_25.png" x="256" y="0" width="128" height="128"/>
	<SubTexture name="crate_26.png" x="128" y="1040" width="128" height="128"/>
	<SubTexture name="crate_27.png" x="128" y="912" width="128" height="128"/>
	<SubTexture name="crate_28.png" x="128" y="784" width="128" height="128"/>
	<SubTexture name="crate_29.png" x="128" y="656" width="128" height="128"/>
	<SubTexture name="crate_30.png" x="128" y="528" width="128" height="128"/>
	<SubTexture name="crate_31.png" x="128" y="400" width="128" height="128"/>
	<SubTexture name="crate_32.png" x="128" y="320" width="128" height="80"/>
	<SubTexture name="crate_33.png" x="128" y="240" width="128" height="80"/>
	<SubTexture name="crate_34.png" x="128" y="160" width="128" height="80"/>
	<SubTexture name="crate_35.png" x="128" y="80" width="128" height="80"/>
	<SubTexture name="crate_36.png" x="128" y="0" width="128" height="80"/>
	<SubTexture name="crate_37.png" x="0" y="1024" width="128" height="128"/>
	<SubTexture name="crate_38.png" x="0" y="896" width="128" height="128"/>
	<SubTexture name="crate_39.png" x="0" y="768" width="128" height="128"/>
	<SubTexture name="crate_40.png" x="0" y="640" width="128" height="128"/>
	<SubTexture name="crate_41.png" x="0" y="512" width="128" height="128"/>
	<SubTexture name="crate_42.png" x="0" y="384" width="128" height="128"/>
	<SubTexture name="crate_43.png" x="0" y="256" width="128" height="128"/>
	<SubTexture name="crate_44.png" x="0" y="128" width="128" height="128"/>
	<SubTexture name="crate_45.png" x="0" y="0" width="128" height="128"/>
	<SubTexture name="environment_01.png" x="768" y="896" width="128" height="128"/>
	<SubTexture name="environment_02.png" x="80" y="1152" width="40" height="40"/>
	<SubTexture name="environment_03.png" x="768" y="0" width="128" height="128"/>
	<SubTexture name="environment_04.png" x="640" y="896" width="128" height="128"/>
	<SubTexture name="environment_05.png" x="296" y="1152" width="40" height="40"/>
	<SubTexture name="environment_06.png" x="768" y="768" width="128" height="128"/>
	<SubTexture name="environment_07.png" x="640" y="768" width="128" height="128"/>
	<SubTexture name="environment_08.png" x="40" y="1152" width="40" height="40"/>
	<SubTexture name="environment_09.png" x="640" y="1024" width="128" height="128"/>
	<SubTexture name="environment_10.png" x="0" y="1152" width="40" height="40"/>
	<SubTexture name="environment_11.png" x="1008" y="600" width="56" height="56"/>
	<SubTexture name="environment_12.png" x="1024" y="316" width="56" height="56"/>
	<SubTexture name="environment_13.png" x="896" y="0" width="128" height="128"/>
	<SubTexture name="environment_14.png" x="256" y="1152" width="40" height="40"/>
	<SubTexture name="environment_15.png" x="896" y="256" width="128" height="128"/>
	<SubTexture name="environment_16.png" x="768" y="384" width="128" height="128"/>
	<SubTexture name="ground_01.png" x="768" y="640" width="128" height="128"/>
	<SubTexture name="ground_02.png" x="896" y="128" width="128" height="128"/>
	<SubTexture name="ground_03.png" x="768" y="128" width="128" height="128"/>
	<SubTexture name="ground_04.png" x="768" y="256" width="128" height="128"/>
	<SubTexture name="ground_05.png" x="768" y="1024" width="128" height="128"/>
	<SubTexture name="ground_06.png" x="768" y="512" width="128" height="128"/>
	<SubTexture name="playerFace.png" x="896" y="576" width="112" height="88"/>
	<SubTexture name="playerFace_dark.png" x="896" y="480" width="120" height="96"/>
	<SubTexture name="player_01.png" x="1116" y="0" width="84" height="100"/>
	<SubTexture name="player_02.png" x="1114" y="216" width="84" height="100"/>
	<SubTexture name="player_03.png" x="994" y="988" width="92" height="108"/>
	<SubTexture name="player_04.png" x="994" y="880" width="92" height="108"/>
	<SubTexture name="player_05.png" x="1024" y="108" width="92" height="108"/>
	<SubTexture name="player_06.png" x="1016" y="492" width="92" height="108"/>
	<SubTexture name="player_07.png" x="1024" y="0" width="92" height="108"/>
	<SubTexture name="player_08.png" x="1016" y="384" width="92" height="108"/>
	<SubTexture name="player_09.png" x="1086" y="880" width="89" height="100"/>
	<SubTexture name="player_10.png" x="986" y="1096" width="90" height="100"/>
	<SubTexture name="player_11.png" x="1076" y="1096" width="90" height="100"/>
	<SubTexture name="player_12.png" x="1086" y="980" width="89" height="100"/>
	<SubTexture name="player_13.png" x="1024" y="216" width="90" height="100"/>
	<SubTexture name="player_14.png" x="896" y="1096" width="90" height="100"/>
	<SubTexture name="player_15.png" x="994" y="664" width="97" height="108"/>
	<SubTexture name="player_16.png" x="896" y="664" width="98" height="108"/>
	<SubTexture name="player_17.png" x="896" y="880" width="98" height="108"/>
	<SubTexture name="player_18.png" x="994" y="772" width="97" height="108"/>
	<SubTexture name="player_19.png" x="896" y="772" width="98" height="108"/>
	<SubTexture name="player_20.png" x="896" y="988" width="98" height="108"/>
	<SubTexture name="player_21.png" x="1091" y="600" width="84" height="100"/>
	<SubTexture name="player_22.png" x="1091" y="700" width="84" height="100"/>
	<SubTexture name="player_23.png" x="1108" y="316" width="84" height="100"/>
	<SubTexture name="player_24.png" x="1108" y="416" width="84" height="100"/>
	<SubTexture name="ret_74.png" x="896" y="384" width="120" height="96"/>
</TextureAtlas>